{
  "project_info": {
    "project_number": "639839510318",
    "firebase_url": "https://school-demo-8bef6.firebaseio.com",
    "project_id": "school-demo-8bef6",
    "storage_bucket": "school-demo-8bef6.appspot.com"
  },
  "client": [
    {
      "client_info": {
        "mobilesdk_app_id": "1:639839510318:android:28ac666ec263cfb8",
        "android_client_info": {
          "package_name": "com.nikvay.concept_classes"
        }
      },
      "oauth_client": [
        {
          "client_id": "639839510318-21mudlq9io0fijc7rmlgspvb1uig664k.apps.googleusercontent.com",
          "client_type": 1,
          "android_info": {
            "package_name": "com.nikvay.concept_classes",
            "certificate_hash": "8712c6bc1796a451508f441984cc4641471b919a"
          }
        },
        {
          "client_id": "639839510318-pqmra6cs59dtra1mc5slm1ip619ensuh.apps.googleusercontent.com",
          "client_type": 3
        }
      ],
      "api_key": [
        {
          "current_key": "AIzaSyA4WzdR0WeXTH8YHW95KhrZ3Ic6961ux08"
        }
      ],
      "services": {
        "appinvite_service": {
          "other_platform_oauth_client": [
            {
              "client_id": "639839510318-pqmra6cs59dtra1mc5slm1ip619ensuh.apps.googleusercontent.com",
              "client_type": 3
            }
          ]
        }
      }
    },
    {
      "client_info": {
        "mobilesdk_app_id": "1:639839510318:android:7d18773eb9db40b8",
        "android_client_info": {
          "package_name": "com.nikvay.schooldemo"
        }
      },
      "oauth_client": [
        {
          "client_id": "639839510318-p71rrsi6m6s5e9a3hcqrpvuvdie4ptbp.apps.googleusercontent.com",
          "client_type": 1,
          "android_info": {
            "package_name": "com.nikvay.schooldemo",
            "certificate_hash": "a3a60aeb810068218282e6b2bffa6b04da04f5bb"
          }
        },
        {
          "client_id": "639839510318-sufakk7ctgl5i980k5ogh575844sl4vq.apps.googleusercontent.com",
          "client_type": 1,
          "android_info": {
            "package_name": "com.nikvay.schooldemo",
            "certificate_hash": "49d2e0dacd316f7c56c60cabb0321ab565a26ab2"
          }
        },
        {
          "client_id": "639839510318-pqmra6cs59dtra1mc5slm1ip619ensuh.apps.googleusercontent.com",
          "client_type": 3
        }
      ],
      "api_key": [
        {
          "current_key": "AIzaSyA4WzdR0WeXTH8YHW95KhrZ3Ic6961ux08"
        }
      ],
      "services": {
        "appinvite_service": {
          "other_platform_oauth_client": [
            {
              "client_id": "639839510318-pqmra6cs59dtra1mc5slm1ip619ensuh.apps.googleusercontent.com",
              "client_type": 3
            }
          ]
        }
      }
    }
  ],
  "configuration_version": "1"
}